episode,reward,episode_length,epsilon,win
1,21,3057,0.9995,True
2,-19,3642,0.9990002500000001,False
3,19,3692,0.9985007498750001,True
4,-6,5692,0.9980014995000627,False
5,-4,6557,0.9975024987503127,False
6,1,6969,0.9970037475009376,True
7,13,4806,0.9965052456271871,True
8,4,5835,0.9960069930043736,True
9,-7,5772,0.9955089895078715,False
10,-12,4843,0.9950112350131176,False
11,-9,5746,0.9945137293956111,False
12,6,5776,0.9940164725309134,True
13,5,6438,0.993519464294648,True
14,16,4489,0.9930227045625007,True
15,19,3476,0.9925261932102195,True
16,3,6658,0.9920299301136144,True
17,10,5230,0.9915339151485576,True
18,-2,6489,0.9910381481909833,False
19,-7,5620,0.990542629116888,False
20,17,4238,0.9900473578023296,True
21,-3,6579,0.9895523341234285,False
22,19,3452,0.9890575579563669,True
23,8,5992,0.9885630291773887,True
24,-8,6604,0.9880687476628001,False
25,-17,4161,0.9875747132889687,False
26,-6,5430,0.9870809259323243,False
27,14,4188,0.9865873854693582,True
28,-5,6238,0.9860940917766235,False
29,2,6869,0.9856010447307353,True
30,-5,5576,0.98510824420837,False
31,-10,5121,0.9846156900862658,False
32,8,5264,0.9841233822412228,True
33,11,5325,0.9836313205501022,True
34,-10,5864,0.9831395048898272,False
35,8,5751,0.9826479351373822,True
36,3,6946,0.9821566111698136,True
37,-13,4969,0.9816655328642288,False
38,-7,6203,0.9811747000977967,False
39,-15,5162,0.9806841127477479,False
40,16,4364,0.9801937706913741,True
41,11,5077,0.9797036738060285,True
42,-10,5118,0.9792138219691255,False
43,-10,5359,0.978724215058141,False
44,-11,5225,0.978234852950612,False
45,-2,6425,0.9777457355241367,False
46,4,6811,0.9772568626563747,True
47,-7,6000,0.9767682342250465,False
48,1,7162,0.976279850107934,True
49,15,4513,0.9757917101828801,True
50,-5,6302,0.9753038143277888,False
51,7,5909,0.974816162420625,True
52,2,6302,0.9743287543394147,True
53,3,6945,0.973841589962245,True
54,18,4033,0.973354669167264,True
55,5,6415,0.9728679918326804,True
56,8,6486,0.972381557836764,True
57,12,4403,0.9718953670578457,True
58,10,4976,0.9714094193743169,True
59,-11,5230,0.9709237146646298,False
60,-19,3623,0.9704382528072976,False
61,-10,5374,0.9699530336808939,False
62,-14,4802,0.9694680571640535,False
63,-14,4556,0.9689833231354715,False
64,16,4128,0.9684988314739038,True
65,8,5786,0.9680145820581669,True
66,4,5817,0.9675305747671379,True
67,11,5317,0.9670468094797544,True
68,-16,4540,0.9665632860750146,False
69,9,5867,0.9660800044319772,True
70,14,4388,0.9655969644297613,True
71,6,6512,0.9651141659475465,True
72,-4,6717,0.9646316088645728,False
73,13,4807,0.9641492930601405,True
74,-7,5298,0.9636672184136105,False
75,15,4257,0.9631853848044037,True
76,20,3320,0.9627037921120016,True
77,4,5846,0.9622224402159457,True
78,-4,5969,0.9617413289958378,False
79,-4,7163,0.9612604583313399,False
80,-2,6414,0.9607798281021742,False
81,8,5505,0.9602994381881231,True
82,15,4393,0.9598192884690291,True
83,-2,7384,0.9593393788247946,False
84,-4,6463,0.9588597091353822,False
85,-1,7113,0.9583802792808146,False
86,-17,4150,0.9579010891411742,False
87,21,3422,0.9574221385966036,True
88,18,4081,0.9569434275273054,True
89,2,6594,0.9564649558135419,True
90,-8,5652,0.9559867233356352,False
91,12,4957,0.9555087299739674,True
92,-9,6232,0.9550309756089804,False
93,18,3863,0.954553460121176,True
94,10,5249,0.9540761833911156,True
95,20,3554,0.95359914529942,True
96,6,6410,0.9531223457267703,True
97,12,5093,0.952645784553907,True
98,-12,4850,0.9521694616616301,False
99,15,4447,0.9516933769307994,True
100,5,6405,0.951217530242334,True
101,-9,5750,0.9507419214772129,False
102,15,5179,0.9502665505164744,True
103,7,5653,0.9497914172412162,True
104,15,4030,0.9493165215325956,True
105,-14,4790,0.9488418632718294,False
106,20,3566,0.9483674423401935,True
107,-8,5399,0.9478932586190235,False
108,10,4990,0.9474193119897141,True
109,4,6308,0.9469456023337193,True
110,-3,6594,0.9464721295325524,False
111,3,6715,0.9459988934677862,True
112,-8,5421,0.9455258940210524,False
113,13,5034,0.9450531310740419,True
114,11,5333,0.9445806045085049,True
115,-6,5450,0.9441083142062507,False
116,-2,7223,0.9436362600491477,False
117,13,5546,0.9431644419191232,True
118,21,2931,0.9426928596981636,True
119,10,5203,0.9422215132683146,True
120,-15,4364,0.9417504025116805,False
121,17,3979,0.9412795273104247,True
122,2,7598,0.9408088875467696,True
123,-14,4551,0.9403384831029963,False
124,-6,6415,0.9398683138614449,False
125,15,4758,0.9393983797045142,True
126,10,5461,0.938928680514662,True
127,-2,7218,0.9384592161744048,False
128,18,3599,0.9379899865663176,True
129,4,6820,0.9375209915730345,True
130,7,6484,0.937052231077248,True
131,17,3855,0.9365837049617094,True
132,14,4416,0.9361154131092286,True
133,13,4824,0.9356473554026741,True
134,7,5663,0.9351795317249728,True
135,4,6321,0.9347119419591103,True
136,15,4277,0.9342445859881309,True
137,12,5173,0.9337774636951368,True
138,-3,7079,0.9333105749632893,False
139,4,6195,0.9328439196758077,True
140,17,4242,0.9323774977159699,True
141,13,5552,0.9319113089671119,True
142,21,3686,0.9314453533126285,True
143,-6,6349,0.9309796306359722,False
144,-1,7468,0.9305141408206543,False
145,13,5455,0.9300488837502441,True
146,-13,5170,0.9295838593083691,False
147,-19,3859,0.929119067378715,False
148,20,3552,0.9286545078450257,True
149,8,5449,0.9281901805911033,True
150,19,3684,0.9277260855008077,True
151,-13,4935,0.9272622224580573,False
152,7,5664,0.9267985913468284,True
153,6,5547,0.926335192051155,True
154,13,5048,0.9258720244551295,True
155,21,3105,0.925409088442902,True
156,13,4557,0.9249463838986807,True
157,4,6430,0.9244839107067314,True
158,20,3556,0.9240216687513781,True
159,-17,4139,0.9235596579170025,False
160,10,5231,0.923097878088044,True
161,14,4417,0.9226363291490001,True
162,-7,6270,0.9221750109844257,False
163,-6,7029,0.9217139234789336,False
164,-12,5354,0.9212530665171942,False
165,-15,4678,0.9207924399839357,False
166,-14,4565,0.9203320437639437,False
167,-10,5144,0.9198718777420618,False
168,-4,5963,0.9194119418031909,False
169,13,5020,0.9189522358322894,True
170,3,6154,0.9184927597143733,True
171,-7,5753,0.9180335133345161,False
172,19,3643,0.917574496577849,True
173,19,3644,0.9171157093295601,True
174,8,5701,0.9166571514748953,True
175,-14,4795,0.916198822899158,False
176,-19,3878,0.9157407234877085,False
177,3,6962,0.9152828531259647,True
178,3,6485,0.9148252116994018,True
179,-16,4281,0.9143677990935521,False
180,12,4922,0.9139106151940054,True
181,-3,6253,0.9134536598864085,False
182,-8,5401,0.9129969330564653,False
183,15,4667,0.9125404345899372,True
184,-5,5829,0.9120841643726423,False
185,11,4835,0.911628122290456,True
186,13,5177,0.9111723082293108,True
187,7,5902,0.9107167220751963,True
188,20,3322,0.9102613637141588,True
189,15,4025,0.9098062330323018,True
190,7,6128,0.9093513299157857,True
191,19,3470,0.9088966542508279,True
192,21,3168,0.9084422059237025,True
193,8,6233,0.9079879848207407,True
194,16,4114,0.9075339908283304,True
195,21,2941,0.9070802238329163,True
196,1,7252,0.9066266837209999,True
197,6,5796,0.9061733703791394,True
198,12,4914,0.9057202836939499,True
199,16,4285,0.9052674235521029,True
200,6,5976,0.9048147898403269,True
201,11,5326,0.9043623824454068,True
202,19,3467,0.9039102012541841,True
203,-10,5873,0.9034582461535571,False
204,3,6441,0.9030065170304803,True
205,12,4937,0.9025550137719651,True
206,6,6521,0.9021037362650792,True
207,10,6088,0.9016526843969468,True
208,7,6121,0.9012018580547484,True
209,13,4789,0.900751257125721,True
210,18,3862,0.9003008814971583,True
211,11,5327,0.8998507310564098,True
212,14,4635,0.8994008056908817,True
213,6,5973,0.8989511052880362,True
214,6,5793,0.8985016297353923,True
215,1,6500,0.8980523789205246,True
216,9,5855,0.8976033527310644,True
217,16,4139,0.8971545510546989,True
218,-13,4634,0.8967059737791716,False
219,4,6556,0.8962576207922821,True
220,-8,6438,0.895809491981886,False
221,-13,4701,0.8953615872358951,False
222,-15,4654,0.8949139064422772,False
223,5,6666,0.8944664494890561,True
224,-2,6979,0.8940192162643116,False
225,16,4129,0.8935722066561794,True
226,11,6539,0.8931254205528514,True
227,14,4658,0.8926788578425751,True
228,-2,7206,0.8922325184136538,False
229,16,4366,0.891786402154447,True
230,-7,5543,0.8913405089533699,False
231,5,6182,0.8908948386988933,True
232,1,6926,0.8904493912795439,True
233,17,3771,0.8900041665839042,True
234,19,3693,0.8895591645006123,True
235,15,4760,0.889114384918362,True
236,-17,4568,0.8886698277259029,False
237,3,6233,0.88822549281204,True
238,18,4325,0.887781380065634,True
239,21,3174,0.8873374893756012,True
240,-12,4776,0.8868938206309135,False
241,-10,5000,0.8864503737205981,False
242,10,5230,0.8860071485337379,True
243,16,4371,0.885564144959471,True
244,16,4123,0.8851213628869913,True
245,-11,5471,0.8846788022055478,False
246,17,4483,0.8842364628044451,True
247,-20,3482,0.883794344573043,False
248,1,7145,0.8833524474007565,True
249,13,5062,0.8829107711770562,True
250,15,4936,0.8824693157914677,True
251,7,5899,0.882028081133572,True
252,19,3954,0.8815870670930053,True
253,15,4516,0.8811462735594588,True
254,-2,6982,0.8807057004226791,False
255,16,4369,0.8802653475724679,True
256,6,6280,0.8798252148986817,True
257,12,5210,0.8793853022912325,True
258,11,5330,0.8789456096400869,True
259,-6,5920,0.8785061368352669,False
260,17,4478,0.8780668837668493,True
261,-6,6815,0.8776278503249659,False
262,-16,4532,0.8771890363998035,False
263,-4,6874,0.8767504418816037,False
264,-4,6129,0.876312066660663,False
265,21,2937,0.8758739106273327,True
266,-3,6716,0.8754359736720191,False
267,15,4021,0.8749982556851831,True
268,-6,6340,0.8745607565573406,False
269,10,5242,0.8741234761790619,True
270,8,6016,0.8736864144409725,True
271,17,3989,0.873249571233752,True
272,-21,3101,0.8728129464481352,False
273,10,5640,0.8723765399749112,True
274,11,4842,0.8719403517049238,True
275,17,3915,0.8715043815290714,True
276,-9,5443,0.8710686293383069,False
277,11,5810,0.8706330950236377,True
278,19,3706,0.870197778476126,True
279,20,3311,0.869762679586888,True
280,-2,6492,0.8693277982470946,False
281,5,6587,0.8688931343479711,True
282,7,6142,0.8684586877807972,True
283,-15,4185,0.8680244584369068,False
284,10,5715,0.8675904462076884,True
285,1,6528,0.8671566509845846,True
286,12,4686,0.8667230726590923,True
287,-13,4471,0.8662897111227629,False
288,17,3727,0.8658565662672015,True
289,7,5653,0.865423637984068,True
290,7,6974,0.864990926165076,True
291,-3,6332,0.8645584307019936,False
292,-9,5767,0.8641261514866426,False
293,17,4223,0.8636940884108993,True
294,20,3311,0.8632622413666939,True
295,3,6335,0.8628306102460106,True
296,-6,6610,0.8623991949408877,False
297,14,5250,0.8619679953434173,True
298,15,4531,0.8615370113457457,True
299,12,5367,0.8611062428400729,True
300,21,3408,0.8606756897186528,True
301,19,3695,0.8602453518737936,True
302,8,6000,0.8598152291978567,True
303,-8,5649,0.8593853215832578,False
304,21,3403,0.8589556289224661,True
305,8,5265,0.8585261511080049,True
306,9,5115,0.858096888032451,True
307,8,5617,0.8576678395884348,True
308,11,5746,0.8572390056686406,True
309,9,5125,0.8568103861658064,True
310,21,3053,0.8563819809727236,True
311,13,5031,0.8559537899822373,True
312,3,6703,0.8555258130872462,True
313,21,3178,0.8550980501807026,True
314,15,4511,0.8546705011556123,True
315,-2,7563,0.8542431659050345,False
316,17,4238,0.853816044322082,True
317,15,4512,0.8533891362999211,True
318,-6,5690,0.8529624417317712,False
319,-8,6552,0.8525359605109053,False
320,13,4560,0.8521096925306499,True
321,10,6149,0.8516836376843847,True
322,4,6739,0.8512577958655425,True
323,18,4087,0.8508321669676098,True
324,10,5231,0.850406750884126,True
325,13,5688,0.8499815475086839,True
326,17,5199,0.8495565567349297,True
327,17,3978,0.8491317784565623,True
328,15,5271,0.8487072125673341,True
329,7,7295,0.8482828589610505,True
330,9,6009,0.84785871753157,True
331,6,6272,0.8474347881728043,True
332,19,4121,0.847011070778718,True
333,11,5085,0.8465875652433287,True
334,-1,7378,0.846164271460707,False
335,19,4116,0.8457411893249768,True
336,6,6048,0.8453183187303144,True
337,2,6852,0.8448956595709493,True
338,14,5292,0.8444732117411639,True
339,15,4504,0.8440509751352934,True
340,7,6358,0.8436289496477257,True
341,-10,6092,0.8432071351729019,False
342,19,3957,0.8427855316053156,True
343,11,5092,0.8423641388395129,True
344,-10,6023,0.8419429567700932,False
345,17,4466,0.8415219852917082,True
346,10,6423,0.8411012242990624,True
347,-7,5967,0.8406806736869129,False
348,-9,6478,0.8402603333500694,False
349,12,5215,0.8398402031833945,True
350,19,3944,0.8394202830818028,True
351,8,6022,0.839000572940262,True
352,14,5387,0.8385810726537919,True
353,20,4046,0.8381617821174651,True
354,10,6096,0.8377427012264064,True
355,7,6365,0.8373238298757932,True
356,19,3715,0.8369051679608553,True
357,18,4516,0.8364867153768749,True
358,9,5355,0.8360684720191865,True
359,-7,5735,0.835650437783177,False
360,21,2935,0.8352326125642855,True
361,9,5059,0.8348149962580034,True
362,5,6128,0.8343975887598745,True
363,11,5076,0.8339803899654946,True
364,-2,7724,0.833563399770512,False
365,13,4583,0.8331466180706267,True
366,16,3875,0.8327300447615915,True
367,-4,6612,0.8323136797392108,False
368,5,5932,0.8318975228993413,True
369,16,4607,0.8314815741378917,True
370,9,5542,0.8310658333508228,True
371,8,5740,0.8306503004341474,True
372,-3,6129,0.8302349752839304,False
373,20,3314,0.8298198577962885,True
374,-5,6768,0.8294049478673904,False
375,-12,4785,0.8289902453934568,False
376,16,4382,0.8285757502707601,True
377,6,6703,0.8281614623956248,True
378,21,3421,0.8277473816644271,True
379,-7,6035,0.827333507973595,False
380,16,4380,0.8269198412196082,True
381,-10,5291,0.8265063812989984,False
382,-3,7100,0.826093128108349,False
383,19,3705,0.8256800815442948,True
384,19,3928,0.8252672415035227,True
385,13,5525,0.824854607882771,True
386,6,6448,0.8244421805788297,True
387,15,4463,0.8240299594885403,True
388,13,5306,0.8236179445087961,True
389,12,4942,0.8232061355365418,True
390,16,4393,0.8227945324687735,True
391,-3,7773,0.8223831352025393,False
392,17,4010,0.821971943634938,True
393,3,6956,0.8215609576631205,True
394,2,6599,0.8211501771842891,True
395,8,6335,0.820739602095697,True
396,16,4386,0.8203292322946492,True
397,11,5334,0.8199190676785019,True
398,5,6321,0.8195091081446627,True
399,6,5799,0.8190993535905904,True
400,14,4402,0.8186898039137951,True
401,18,3713,0.8182804590118382,True
402,8,6474,0.8178713187823323,True
403,6,6458,0.8174623831229412,True
404,4,6570,0.8170536519313798,True
405,18,3854,0.8166451251054142,True
406,9,5585,0.8162368025428616,True
407,11,5025,0.8158286841415902,True
408,9,5782,0.8154207697995194,True
409,15,4775,0.8150130594146197,True
410,13,4798,0.8146055528849124,True
411,21,2945,0.81419825010847,True
412,8,5774,0.8137911509834158,True
413,11,5328,0.8133842554079241,True
414,-15,5330,0.8129775632802202,False
415,12,4683,0.8125710744985801,True
416,6,6274,0.8121647889613309,True
417,16,4310,0.8117587065668503,True
418,6,6393,0.8113528272135669,True
419,13,4812,0.8109471507999602,True
420,4,6906,0.8105416772245603,True
421,10,5689,0.8101364063859481,True
422,-14,5042,0.8097313381827551,False
423,17,3995,0.8093264725136637,True
424,10,6114,0.808921809277407,True
425,14,4842,0.8085173483727683,True
426,20,3562,0.808113089698582,True
427,16,4119,0.8077090331537328,True
428,5,6188,0.8073051786371559,True
429,7,5818,0.8069015260478374,True
430,1,7227,0.8064980752848135,True
431,13,5435,0.8060948262471712,True
432,13,5455,0.8056917788340476,True
433,12,5188,0.8052889329446307,True
434,18,4103,0.8048862884781584,True
435,5,6711,0.8044838453339194,True
436,18,3852,0.8040816034112525,True
437,7,6590,0.8036795626095469,True
438,-8,6201,0.8032777228282422,False
439,6,5796,0.8028760839668281,True
440,20,3555,0.8024746459248447,True
441,16,4122,0.8020734086018824,True
442,-4,6912,0.8016723718975814,False
443,10,5632,0.8012715357116327,True
444,12,5435,0.8008708999437769,True
445,10,6194,0.8004704644938051,True
446,17,4475,0.8000702292615582,True
447,-5,6536,0.7996701941469275,False
448,18,4320,0.7992703590498541,True
449,-9,6645,0.7988707238703292,False
450,6,6750,0.7984712885083941,True
451,4,7245,0.79807205286414,True
452,3,6863,0.797673016837708,True
453,11,5796,0.7972741803292892,True
454,17,3992,0.7968755432391246,True
455,4,6560,0.796477105467505,True
456,3,6462,0.7960788669147714,True
457,11,5482,0.7956808274813141,True
458,6,6763,0.7952829870675735,True
459,15,4265,0.7948853455740398,True
460,13,4909,0.7944879029012528,True
461,14,5021,0.7940906589498022,True
462,10,5893,0.7936936136203274,True
463,12,4994,0.7932967668135174,True
464,6,5805,0.7929001184301107,True
465,13,4793,0.7925036683708957,True
466,-4,6125,0.7921074165367102,False
467,1,6507,0.7917113628284419,True
468,11,5805,0.7913155071470277,True
469,11,4846,0.7909198493934543,True
470,9,5858,0.7905243894687576,True
471,15,4702,0.7901291272740233,True
472,16,4078,0.7897340627103864,True
473,4,7470,0.7893391956790312,True
474,15,5002,0.7889445260811917,True
475,14,5363,0.7885500538181511,True
476,12,4449,0.7881557787912421,True
477,15,4784,0.7877617009018465,True
478,19,4426,0.7873678200513956,True
479,17,4225,0.7869741361413699,True
480,-12,4844,0.7865806490732993,False
481,7,6163,0.7861873587487627,True
482,21,2936,0.7857942650693883,True
483,19,3701,0.7854013679368537,True
484,19,3462,0.7850086672528853,True
485,10,5207,0.784616162919259,True
486,16,4125,0.7842238548377993,True
487,16,4857,0.7838317429103805,True
488,6,6623,0.7834398270389253,True
489,16,4147,0.783048107125406,True
490,21,2936,0.7826565830718433,True
491,6,6879,0.7822652547803074,True
492,2,6367,0.7818741221529173,True
493,4,7219,0.7814831850918409,True
494,1,7454,0.781092443499295,True
495,12,5187,0.7807018972775454,True
496,18,3843,0.7803115463289066,True
497,17,4001,0.7799213905557423,True
498,8,5622,0.7795314298604644,True
499,16,5275,0.7791416641455342,True
500,12,4701,0.7787520933134615,True
501,-1,7094,0.7783627172668048,False
502,11,5244,0.7779735359081715,True
503,9,5349,0.7775845491402175,True
504,7,5830,0.7771957568656473,True
505,16,3884,0.7768071589872145,True
506,6,6063,0.776418755407721,True
507,16,4380,0.7760305460300172,True
508,-9,5247,0.7756425307570022,False
509,-6,5934,0.7752547094916237,False
510,21,2951,0.7748670821368779,True
511,20,4633,0.7744796485958095,True
512,21,2927,0.7740924087715116,True
513,13,4564,0.773705362567126,True
514,-6,6649,0.7733185098858425,False
515,9,5837,0.7729318506308996,True
516,17,4230,0.7725453847055842,True
517,8,5750,0.7721591120132315,True
518,16,4374,0.771773032457225,True
519,12,4969,0.7713871459409963,True
520,11,5324,0.7710014523680259,True
521,7,6114,0.7706159516418419,True
522,17,3990,0.770230643666021,True
523,13,4778,0.7698455283441881,True
524,16,4789,0.769460605580016,True
525,6,6022,0.7690758752772261,True
526,-5,6647,0.7686913373395875,False
527,18,4269,0.7683069916709178,True
528,-3,7545,0.7679228381750823,False
529,5,5939,0.7675388767559949,True
530,18,4335,0.7671551073176169,True
531,12,4944,0.7667715297639581,True
532,11,5333,0.7663881439990762,True
533,15,4513,0.7660049499270767,True
534,-4,7129,0.7656219474521132,False
535,4,7533,0.7652391364783871,True
536,6,5777,0.764856516910148,True
537,10,5467,0.764474088651693,True
538,15,4758,0.7640918516073671,True
539,21,3183,0.7637098056815635,True
540,12,5700,0.7633279507787228,True
541,16,4305,0.7629462868033335,True
542,9,6320,0.7625648136599319,True
543,9,5839,0.762183531253102,True
544,10,6120,0.7618024394874755,True
545,8,6628,0.7614215382677318,True
546,13,4549,0.761040827498598,True
547,-7,5833,0.7606603070848488,False
548,12,5933,0.7602799769313064,True
549,13,4494,0.7598998369428408,True
550,11,5578,0.7595198870243695,True
551,5,6402,0.7591401270808573,True
552,12,4965,0.7587605570173169,True
553,4,6767,0.7583811767388083,True
554,14,4413,0.758001986150439,True
555,1,7859,0.7576229851573638,True
556,13,5268,0.7572441736647851,True
557,9,5634,0.7568655515779528,True
558,9,5765,0.7564871188021638,True
559,21,3176,0.7561088752427627,True
560,13,5282,0.7557308208051414,True
561,13,4575,0.7553529553947389,True
562,6,6758,0.7549752789170415,True
563,4,6807,0.7545977912775831,True
564,15,4268,0.7542204923819443,True
565,6,5957,0.7538433821357534,True
566,12,4946,0.7534664604446856,True
567,18,3837,0.7530897272144633,True
568,7,6379,0.7527131823508562,True
569,11,5815,0.7523368257596807,True
570,10,5938,0.751960657346801,True
571,7,5894,0.7515846770181276,True
572,9,5142,0.7512088846796185,True
573,15,4261,0.7508332802372788,True
574,5,6658,0.7504578635971602,True
575,-1,6924,0.7500826346653616,False
576,21,2922,0.7497075933480289,True
577,15,4495,0.7493327395513549,True
578,4,7081,0.7489580731815793,True
579,19,3689,0.7485835941449885,True
580,7,5872,0.748209302347916,True
581,8,5742,0.7478351976967421,True
582,-10,5582,0.7474612800978938,False
583,18,4077,0.747087549457845,True
584,8,5944,0.7467140056831161,True
585,3,7069,0.7463406486802746,True
586,19,3932,0.7459674783559345,True
587,1,6678,0.7455944946167565,True
588,-5,6067,0.7452216973694482,False
589,6,5772,0.7448490865207635,True
590,3,7198,0.7444766619775032,True
591,9,6030,0.7441044236465144,True
592,5,6911,0.7437323714346912,True
593,7,6365,0.7433605052489739,True
594,8,6217,0.7429888249963494,True
595,8,5753,0.7426173305838513,True
596,17,4000,0.7422460219185594,True
597,2,7344,0.7418748989076002,True
598,19,3714,0.7415039614581465,True
599,2,6627,0.7411332094774175,True
600,12,5187,0.7407626428726788,True
601,5,5950,0.7403922615512425,True
602,11,5083,0.7400220654204669,True
603,17,4000,0.7396520543877567,True
604,9,6092,0.7392822283605629,True
605,-11,4981,0.7389125872463826,False
606,19,3940,0.7385431309527595,True
607,2,7085,0.7381738593872831,True
608,1,7709,0.7378047724575895,True
609,16,4613,0.7374358700713607,True
610,14,4358,0.737067152136325,True
611,7,6840,0.7366986185602569,True
612,10,5464,0.7363302692509768,True
613,5,6859,0.7359621041163513,True
614,18,3861,0.7355941230642932,True
615,-1,6891,0.735226326002761,False
616,12,5110,0.7348587128397597,True
617,1,7395,0.7344912834833398,True
618,5,6410,0.7341240378415982,True
619,-6,6286,0.7337569758226774,False
620,20,3310,0.7333900973347661,True
621,4,6576,0.7330234022860987,True
622,16,4558,0.7326568905849558,True
623,12,4946,0.7322905621396634,True
624,19,3892,0.7319244168585936,True
625,13,4497,0.7315584546501643,True
626,2,7323,0.7311926754228393,True
627,20,3328,0.7308270790851279,True
628,7,5901,0.7304616655455853,True
629,19,3706,0.7300964347128126,True
630,4,6812,0.7297313864954562,True
631,-3,6590,0.7293665208022085,False
632,12,5691,0.7290018375418075,True
633,10,4974,0.7286373366230366,True
634,12,4885,0.7282730179547252,True
635,11,5334,0.7279088814457478,True
636,6,6771,0.727544927005025,True
637,16,4857,0.7271811545415225,True
638,17,3983,0.7268175639642518,True
639,20,3339,0.7264541551822697,True
640,17,3996,0.7260909281046787,True
641,7,6379,0.7257278826406264,True
642,12,5129,0.7253650186993061,True
643,-5,5841,0.7250023361899566,False
644,-2,7332,0.7246398350218617,False
645,17,3754,0.7242775151043508,True
646,12,5197,0.7239153763467987,True
647,-6,6396,0.7235534186586253,False
648,8,6225,0.7231916419492961,True
649,6,5807,0.7228300461283215,True
650,11,5014,0.7224686311052574,True
651,12,5111,0.7221073967897048,True
652,-6,6871,0.72174634309131,False
653,10,5223,0.7213854699197644,True
654,-2,6604,0.7210247771848045,False
655,15,4531,0.7206642647962122,True
656,20,3341,0.7203039326638141,True
657,17,4905,0.7199437806974822,True
658,20,3319,0.7195838088071335,True
659,-1,6382,0.71922401690273,False
660,16,4364,0.7188644048942786,True
661,17,4238,0.7185049726918316,True
662,15,4278,0.7181457202054857,True
663,14,4417,0.717786647345383,True
664,16,4627,0.7174277540217103,True
665,14,4674,0.7170690401446995,True
666,4,6322,0.7167105056246272,True
667,15,4292,0.716352150371815,True
668,1,6756,0.7159939742966291,True
669,2,7628,0.7156359773094809,True
670,-9,5711,0.7152781593208262,False
671,16,4373,0.7149205202411658,True
672,9,5363,0.7145630599810453,True
673,17,3985,0.7142057784510548,True
674,18,3832,0.7138486755618293,True
675,13,4970,0.7134917512240484,True
676,3,6710,0.7131350053484364,True
677,4,6798,0.7127784378457622,True
678,19,3715,0.7124220486268393,True
679,14,4166,0.712065837602526,True
680,8,5991,0.7117098046837247,True
681,-6,6115,0.7113539497813829,False
682,7,6324,0.7109982728064922,True
683,19,3466,0.710642773670089,True
684,16,4314,0.710287452283254,True
685,11,5266,0.7099323085571124,True
686,17,4347,0.7095773424028339,True
687,11,6060,0.7092225537316325,True
688,11,5312,0.7088679424547667,True
689,20,3685,0.7085135084835393,True
690,5,6655,0.7081592517292976,True
691,9,6097,0.707805172103433,True
692,8,6227,0.7074512695173812,True
693,9,5853,0.7070975438826226,True
694,2,7635,0.7067439951106813,True
695,10,5940,0.7063906231131261,True
696,21,3178,0.7060374278015695,True
697,12,5777,0.7056844090876688,True
698,9,6328,0.705331566883125,True
699,-10,6509,0.7049789010996835,False
700,8,5946,0.7046264116491338,True
701,10,5834,0.7042740984433092,True
702,17,4338,0.7039219613940876,True
703,14,5165,0.7035700004133906,True
704,8,6229,0.703218215413184,True
705,15,4753,0.7028666063054774,True
706,9,5866,0.7025151730023247,True
707,13,4971,0.7021639154158236,True
708,16,4115,0.7018128334581157,True
709,8,6506,0.7014619270413868,True
710,14,4412,0.7011111960778661,True
711,12,4943,0.7007606404798272,True
712,21,2935,0.7004102601595873,True
713,14,4430,0.7000600550295075,True
714,3,7362,0.6997100250019928,True
715,10,5223,0.6993601699894918,True
716,1,6729,0.6990104899044971,True
717,-6,7378,0.6986609846595448,False
718,20,3318,0.6983116541672151,True
719,15,4264,0.6979624983401315,True
720,21,3180,0.6976135170909614,True
721,12,5697,0.697264710332416,True
722,16,4120,0.6969160779772499,True
723,16,4632,0.6965676199382612,True
724,17,3999,0.6962193361282921,True
725,17,3982,0.695871226460228,True
726,-8,6127,0.6955232908469979,False
727,11,5325,0.6951755292015744,True
728,18,3827,0.6948279414369737,True
729,-12,6045,0.6944805274662552,False
730,10,4999,0.6941332872025221,True
731,20,3322,0.6937862205589209,True
732,4,6984,0.6934393274486415,True
733,1,7000,0.6930926077849172,True
734,13,4769,0.6927460614810248,True
735,9,5846,0.6923996884502843,True
736,19,3462,0.6920534886060592,True
737,5,6895,0.6917074618617562,True
738,13,5273,0.6913616081308254,True
739,-7,6202,0.69101592732676,False
740,12,4880,0.6906704193630966,True
741,10,5464,0.6903250841534151,True
742,5,6373,0.6899799216113385,True
743,21,3417,0.6896349316505328,True
744,9,6560,0.6892901141847075,True
745,11,5320,0.6889454691276152,True
746,21,3172,0.6886009963930515,True
747,5,5965,0.688256695894855,True
748,10,5229,0.6879125675469077,True
749,14,4594,0.6875686112631343,True
750,9,6466,0.6872248269575028,True
751,-4,5958,0.6868812145440241,False
752,20,3316,0.6865377739367521,True
753,12,5195,0.6861945050497837,True
754,15,4749,0.6858514077972588,True
755,20,3318,0.6855084820933602,True
756,7,6001,0.6851657278523136,True
757,7,6127,0.6848231449883875,True
758,-11,6143,0.6844807334158933,False
759,10,5827,0.6841384930491854,True
760,4,6969,0.6837964238026608,True
761,10,4991,0.6834545255907595,True
762,20,3584,0.6831127983279641,True
763,7,6070,0.6827712419288002,True
764,13,5711,0.6824298563078359,True
765,10,4974,0.6820886413796821,True
766,6,6516,0.6817475970589922,True
767,7,5890,0.6814067232604628,True
768,-3,6808,0.6810660198988326,False
769,15,4198,0.6807254868888832,True
770,17,4163,0.6803851241454388,True
771,21,3194,0.6800449315833662,True
772,9,5835,0.6797049091175745,True
773,-3,6851,0.6793650566630158,False
774,9,5624,0.6790253741346843,True
775,-8,5914,0.678685861447617,False
776,4,6326,0.6783465185168932,True
777,19,3698,0.6780073452576348,True
778,9,5546,0.6776683415850061,True
779,5,6648,0.6773295074142136,True
780,11,5090,0.6769908426605066,True
781,7,6142,0.6766523472391763,True
782,20,3552,0.6763140210655568,True
783,17,4476,0.6759758640550241,True
784,12,4960,0.6756378761229966,True
785,3,6227,0.6753000571849351,True
786,21,2948,0.6749624071563427,True
787,13,4790,0.6746249259527646,True
788,16,4853,0.6742876134897883,True
789,4,6808,0.6739504696830434,True
790,21,2951,0.673613494448202,True
791,21,2930,0.6732766877009779,True
792,20,3819,0.6729400493571275,True
793,7,6143,0.672603579332449,True
794,1,7662,0.6722672775427828,True
795,17,4238,0.6719311439040114,True
796,18,3849,0.6715951783320595,True
797,11,5567,0.6712593807428935,True
798,17,3979,0.6709237510525221,True
799,9,5624,0.6705882891769959,True
800,14,5156,0.6702529950324074,True
801,18,4334,0.6699178685348912,True
802,13,4831,0.6695829096006238,True
803,14,4878,0.6692481181458235,True
804,19,3734,0.6689134940867506,True
805,-5,5598,0.6685790373397072,False
806,-11,5155,0.6682447478210375,False
807,2,7166,0.667910625447127,True
808,-4,6448,0.6675766701344035,False
809,-5,6816,0.6672428817993363,False
810,12,5218,0.6669092603584367,True
811,3,7426,0.6665758057282575,True
812,14,5406,0.6662425178253933,True
813,14,4907,0.6659093965664807,True
814,-1,7322,0.6655764418681975,False
815,-1,7372,0.6652436536472635,False
816,11,5543,0.6649110318204399,True
817,8,5996,0.6645785763045297,True
818,13,5047,0.6642462870163774,True
819,14,4896,0.6639141638728693,True
820,4,6490,0.6635822067909328,True
821,8,6174,0.6632504156875374,True
822,15,4523,0.6629187904796937,True
823,18,4106,0.6625873310844539,True
824,12,4942,0.6622560374189117,True
825,-10,5844,0.6619249094002023,False
826,7,5910,0.6615939469455022,True
827,14,4679,0.6612631499720295,True
828,10,5469,0.6609325183970435,True
829,6,6971,0.660602052137845,True
830,1,7441,0.660271751111776,True
831,14,5094,0.6599416152362202,True
832,19,3462,0.6596116444286021,True
833,-2,8178,0.6592818386063878,False
834,-11,5457,0.6589521976870846,False
835,9,5622,0.6586227215882411,True
836,19,3706,0.658293410227447,True
837,-5,6526,0.6579642635223334,False
838,10,5709,0.6576352813905723,True
839,-9,5516,0.657306463749877,False
840,18,4077,0.6569778105180021,True
841,5,6399,0.6566493216127431,True
842,9,5603,0.6563209969519368,True
843,-4,7093,0.6559928364534608,False
844,15,5002,0.6556648400352342,True
845,15,5238,0.6553370076152166,True
846,14,5370,0.655009339111409,True
847,13,4778,0.6546818344418533,True
848,14,4889,0.6543544935246325,True
849,7,6370,0.6540273162778703,True
850,13,5692,0.6537003026197313,True
851,-4,6203,0.6533734524684215,False
852,8,6482,0.6530467657421873,True
853,10,6110,0.6527202423593162,True
854,20,3333,0.6523938822381367,True
855,13,4568,0.6520676852970176,True
856,18,3838,0.6517416514543691,True
857,13,5307,0.651415780628642,True
858,1,7221,0.6510900727383278,True
859,14,4283,0.6507645277019586,True
860,11,5103,0.6504391454381077,True
861,-2,6498,0.6501139258653886,False
862,13,4560,0.649788868902456,True
863,10,5883,0.6494639744680049,True
864,11,5090,0.6491392424807709,True
865,4,6577,0.6488146728595305,True
866,12,5170,0.6484902655231009,True
867,9,5596,0.6481660203903393,True
868,14,5063,0.6478419373801442,True
869,-4,6691,0.6475180164114541,False
870,5,6415,0.6471942574032484,True
871,19,3454,0.6468706602745469,True
872,15,4030,0.6465472249444096,True
873,20,3317,0.6462239513319374,True
874,12,5461,0.6459008393562715,True
875,15,4269,0.6455778889365934,True
876,9,5543,0.6452550999921252,True
877,18,4076,0.6449324724421291,True
878,14,5552,0.6446100062059081,True
879,15,4520,0.6442877012028052,True
880,2,8100,0.6439655573522038,True
881,15,4777,0.6436435745735278,True
882,-13,5126,0.6433217527862412,False
883,20,3584,0.6430000919098481,True
884,8,5689,0.6426785918638932,True
885,5,6343,0.6423572525679613,True
886,16,4127,0.6420360739416774,True
887,-11,5470,0.6417150559047066,False
888,12,5164,0.6413941983767543,True
889,14,4890,0.6410735012775659,True
890,10,5710,0.6407529645269272,True
891,21,2932,0.6404325880446637,True
892,11,5326,0.6401123717506414,True
893,13,4997,0.6397923155647661,True
894,16,4599,0.6394724194069837,True
895,18,3598,0.6391526831972802,True
896,16,4543,0.6388331068556816,True
897,19,3717,0.6385136903022538,True
898,4,7041,0.6381944334571027,True
899,15,4268,0.6378753362403742,True
900,12,4699,0.637556398572254,True
901,15,4743,0.6372376203729679,True
902,-6,6406,0.6369190015627815,False
903,7,6175,0.6366005420620001,True
904,16,3877,0.6362822417909691,True
905,1,7043,0.6359641006700737,True
906,3,6387,0.6356461186197387,True
907,2,6846,0.6353282955604289,True
908,-9,5492,0.6350106314126487,False
909,18,4090,0.6346931260969424,True
910,21,3436,0.634375779533894,True
911,11,5761,0.6340585916441271,True
912,15,4522,0.6337415623483051,True
913,9,5598,0.633424691567131,True
914,21,2933,0.6331079792213474,True
915,15,4512,0.6327914252317368,True
916,16,4386,0.6324750295191209,True
917,6,6522,0.6321587920043614,True
918,20,3791,0.6318427126083592,True
919,4,6324,0.6315267912520551,True
920,5,6673,0.6312110278564291,True
921,18,4100,0.630895422342501,True
922,-2,7646,0.6305799746313298,False
923,-5,5852,0.6302646846440141,False
924,10,5228,0.6299495523016921,True
925,16,4839,0.6296345775255413,True
926,18,3834,0.6293197602367786,True
927,6,6657,0.6290051003566602,True
928,8,6371,0.628690597806482,True
929,19,4220,0.6283762525075788,True
930,-1,6869,0.6280620643813251,False
931,16,4623,0.6277480333491344,True
932,14,5410,0.6274341593324599,True
933,8,6196,0.6271204422527937,True
934,14,4838,0.6268068820316673,True
935,15,4199,0.6264934785906515,True
936,1,7758,0.6261802318513562,True
937,19,3471,0.6258671417354306,True
938,21,3362,0.6255542081645629,True
939,-13,5184,0.6252414310604806,False
940,-4,6816,0.6249288103449504,False
941,9,5632,0.624616345939778,True
942,15,4021,0.6243040377668081,True
943,-5,6988,0.6239918857479247,False
944,8,5934,0.6236798898050508,True
945,20,3254,0.6233680498601484,True
946,13,6015,0.6230563658352183,True
947,-14,4563,0.6227448376523007,False
948,-2,7445,0.6224334652334746,False
949,8,6475,0.622122248500858,True
950,15,4777,0.6218111873766076,True
951,14,4894,0.6215002817829193,True
952,18,4091,0.6211895316420278,True
953,10,5459,0.6208789368762069,True
954,11,5382,0.6205684974077688,True
955,20,3264,0.6202582131590649,True
956,10,5232,0.6199480840524855,True
957,13,5039,0.6196381100104592,True
958,15,4531,0.619328290955454,True
959,8,6181,0.6190186268099763,True
960,2,6841,0.6187091174965714,True
961,21,2937,0.6183997629378232,True
962,9,5728,0.6180905630563543,True
963,12,5143,0.6177815177748261,True
964,17,3776,0.6174726270159387,True
965,16,4611,0.6171638907024308,True
966,-1,7041,0.6168553087570796,False
967,12,4928,0.6165468811027011,True
968,9,6619,0.6162386076621498,True
969,14,4668,0.6159304883583188,True
970,9,5850,0.6156225231141397,True
971,15,4758,0.6153147118525827,True
972,-3,6585,0.6150070544966564,False
973,11,6027,0.6146995509694081,True
974,-8,6149,0.6143922011939235,False
975,1,7113,0.6140850050933265,True
976,13,5032,0.6137779625907799,True
977,9,6557,0.6134710736094845,True
978,19,3941,0.6131643380726798,True
979,18,4326,0.6128577559036434,True
980,17,4463,0.6125513270256917,True
981,21,2932,0.6122450513621789,True
982,19,3700,0.6119389288364978,True
983,16,4116,0.6116329593720796,True
984,6,5790,0.6113271428923936,True
985,16,4369,0.6110214793209475,True
986,-11,5457,0.6107159685812871,False
987,9,6093,0.6104106105969964,True
988,17,4492,0.610105405291698,True
989,18,4094,0.6098003525890522,True
990,10,6378,0.6094954524127577,True
991,13,4810,0.6091907046865513,True
992,2,7560,0.6088861093342081,True
993,-7,6507,0.608581666279541,False
994,-10,5514,0.6082773754464013,False
995,16,4385,0.6079732367586781,True
996,7,6376,0.6076692501402988,True
997,18,3609,0.6073654155152287,True
998,21,3179,0.6070617328074711,True
999,4,6351,0.6067582019410674,True
1000,2,6868,0.606454822840097,True
1001,15,4271,0.606151595428677,True
1002,-8,5633,0.6058485196309628,False
1003,15,4291,0.6055455953711473,True
1004,-2,6221,0.6052428225734617,False
1005,14,4404,0.6049402011621751,True
1006,-2,6863,0.604637731061594,False
1007,-13,5163,0.6043354121960632,False
1008,-3,6585,0.6040332444899652,False
1009,14,4889,0.6037312278677203,True
1010,-8,5819,0.6034293622537864,False
1011,6,6263,0.6031276475726596,True
1012,10,5453,0.6028260837488733,True
1013,3,6925,0.6025246707069989,True
1014,-5,5800,0.6022234083716455,False
1015,-6,6395,0.6019222966674597,False
1016,1,6972,0.601621335519126,True
1017,8,5725,0.6013205248513664,True
1018,-5,6285,0.6010198645889407,False
1019,14,4386,0.6007193546566463,True
1020,21,2944,0.6004189949793179,True
1021,-3,6073,0.6001187854818283,False
1022,-12,5239,0.5998187260890874,False
1023,7,5900,0.5995188167260429,True
1024,-9,4994,0.5992190573176799,False
1025,8,5751,0.5989194477890211,True
1026,-12,4822,0.5986199880651266,False
1027,7,5937,0.5983206780710941,True
1028,10,5699,0.5980215177320586,True
1029,12,4631,0.5977225069731926,True
1030,-16,4204,0.5974236457197061,False
1031,3,5955,0.5971249338968463,True
1032,10,5142,0.5968263714298979,True
1033,2,6526,0.596527958244183,True
1034,14,4829,0.596229694265061,True
1035,6,6148,0.5959315794179285,True
1036,-17,3893,0.5956336136282195,False
1037,19,3708,0.5953357968214055,True
1038,-7,5519,0.5950381289229948,False
1039,16,4358,0.5947406098585333,True
1040,-13,4856,0.594443239553604,False
1041,2,6097,0.5941460179338273,True
1042,7,6173,0.5938489449248604,True
1043,-6,6413,0.593552020452398,False
1044,17,4594,0.5932552444421718,True
1045,8,5993,0.5929586168199508,True
1046,-3,6495,0.5926621375115408,False
1047,15,4270,0.5923658064427851,True
1048,-9,5677,0.5920696235395638,False
1049,21,3243,0.5917735887277941,True
1050,-15,4346,0.5914777019334302,False
1051,-11,4656,0.5911819630824635,False
1052,8,5931,0.5908863721009223,True
1053,-9,5488,0.5905909289148719,False
1054,5,5546,0.5902956334504145,True
1055,9,5101,0.5900004856336893,True
1056,-12,5540,0.5897054853908725,False
1057,3,7162,0.5894106326481772,True
1058,-2,6402,0.5891159273318531,False
1059,11,5418,0.5888213693681873,True
1060,-18,3738,0.5885269586835032,False
1061,-16,4265,0.5882326952041615,False
1062,-11,5924,0.5879385788565595,False
1063,-12,5080,0.5876446095671313,False
1064,-19,3362,0.5873507872623477,False
1065,17,4186,0.5870571118687166,True
1066,-5,6227,0.5867635833127822,False
1067,3,7110,0.5864702015211258,True
1068,6,6052,0.5861769664203653,True
1069,16,4134,0.5858838779371551,True
1070,6,5712,0.5855909359981866,True
1071,-17,4306,0.5852981405301875,False
1072,-14,5259,0.5850054914599224,False
1073,3,6294,0.5847129887141925,True
1074,-11,5368,0.5844206322198354,False
1075,6,5974,0.5841284219037255,True
1076,12,4706,0.5838363576927736,True
1077,3,5954,0.5835444395139273,True
1078,14,4890,0.5832526672941704,True
1079,-1,6568,0.5829610409605233,False
1080,-12,5320,0.582669560440043,False
1081,-6,5656,0.582378225659823,False
1082,9,5367,0.5820870365469931,True
1083,13,5522,0.5817959930287196,True
1084,3,6615,0.5815050950322053,True
1085,-5,6288,0.5812143424846892,False
1086,10,4915,0.5809237353134469,True
1087,-18,3996,0.5806332734457902,False
1088,19,3714,0.5803429568090673,True
1089,9,5850,0.5800527853306628,True
1090,-9,4985,0.5797627589379976,False
1091,-2,6463,0.5794728775585286,False
1092,15,4262,0.5791831411197493,True
1093,20,3336,0.5788935495491895,True
1094,8,5868,0.5786041027744149,True
1095,-5,6553,0.5783148007230277,False
1096,-8,5623,0.5780256433226661,False
1097,6,6449,0.5777366305010049,True
1098,-10,5094,0.5774477621857544,False
1099,9,5610,0.5771590383046616,True
1100,3,6440,0.5768704587855094,True
1101,-8,5554,0.5765820235561167,False
1102,2,6499,0.5762937325443386,True
1103,-8,6104,0.5760055856780665,False
1104,15,5527,0.5757175828852275,True
1105,-17,3887,0.5754297240937849,False
1106,2,6552,0.5751420092317381,True
1107,-4,6206,0.5748544382271222,False
1108,5,6825,0.5745670110080087,True
1109,11,5267,0.5742797275025047,True
1110,-7,6202,0.5739925876387535,False
1111,-9,5712,0.5737055913449342,False
1112,-5,6283,0.5734187385492617,False
1113,-21,3078,0.5731320291799872,False
1114,-8,5655,0.5728454631653972,False
1115,-7,6424,0.5725590404338146,False
1116,2,6338,0.5722727609135977,True
1117,-17,3877,0.571986624533141,False
1118,-16,4515,0.5717006312208744,False
1119,-4,6442,0.571414780905264,False
1120,9,4875,0.5711290735148113,True
1121,20,3564,0.570843508978054,True
1122,-6,6412,0.570558087223565,False
1123,20,3578,0.5702728081799533,True
1124,-8,5875,0.5699876717758634,False
1125,6,5792,0.5697026779399755,True
1126,6,6677,0.5694178266010056,True
1127,14,4412,0.5691331176877051,True
1128,-2,7209,0.5688485511288613,False
1129,-5,6298,0.5685641268532969,False
1130,13,4803,0.5682798447898704,True
1131,-3,6551,0.5679957048674754,False
1132,13,4551,0.5677117070150417,True
1133,-1,6365,0.5674278511615342,False
1134,-20,3702,0.5671441372359535,False
1135,15,4279,0.5668605651673355,True
1136,21,2945,0.5665771348847519,True
1137,13,4570,0.5662938463173096,True
1138,4,6327,0.5660106993941509,True
1139,-5,6827,0.5657276940444539,False
1140,16,4379,0.5654448301974317,True
1141,-12,4817,0.5651621077823331,False
1142,3,6705,0.564879526728442,True
1143,-11,5853,0.5645970869650778,False
1144,4,6545,0.5643147884215953,True
1145,12,4650,0.5640326310273845,True
1146,5,5906,0.5637506147118709,True
1147,-10,5353,0.563468739404515,False
1148,8,5665,0.5631870050348128,True
1149,-16,4244,0.5629054115322955,False
1150,11,4819,0.5626239588265294,True
1151,4,6310,0.5623426468471161,True
1152,-6,6150,0.5620614755236926,False
1153,-12,4812,0.5617804447859307,False
1154,7,6051,0.5614995545635377,True
1155,-14,4550,0.561218804786256,False
1156,-5,5815,0.5609381953838629,False
1157,14,4158,0.560657726286171,True
1158,-4,7132,0.560377397423028,False
1159,20,3812,0.5600972087243165,True
1160,-3,6918,0.5598171601199543,False
1161,-10,5276,0.5595372515398943,False
1162,10,4607,0.5592574829141244,True
1163,-14,4307,0.5589778541726673,False
1164,8,5691,0.558698365245581,True
1165,13,5032,0.5584190160629583,True
1166,-10,5324,0.5581398065549269,False
1167,5,6550,0.5578607366516495,True
1168,12,4918,0.5575818062833237,True
1169,10,5004,0.557303015380182,True
1170,-1,6588,0.557024363872492,False
1171,8,6460,0.5567458516905558,True
1172,-5,6073,0.5564674787647106,False
1173,9,5868,0.5561892450253283,True
1174,13,5015,0.5559111504028157,True
1175,9,5530,0.5556331948276143,True
1176,-15,4739,0.5553553782302005,False
1177,6,6256,0.5550777005410855,True
1178,-3,6737,0.554800161690815,False
1179,7,6128,0.5545227616099696,True
1180,6,5724,0.5542455002291646,True
1181,10,5237,0.55396837747905,True
1182,1,6724,0.5536913932903106,True
1183,-9,5413,0.5534145475936655,False
1184,-15,4394,0.5531378403198687,False
1185,-7,5785,0.5528612713997088,False
1186,3,6196,0.5525848407640089,True
1187,6,6249,0.552308548343627,True
1188,19,3688,0.5520323940694551,True
1189,1,6725,0.5517563778724205,True
1190,4,6317,0.5514804996834843,True
1191,8,6155,0.5512047594336427,True
1192,12,4450,0.5509291570539259,True
1193,10,5630,0.550653692475399,True
1194,-9,5026,0.5503783656291613,False
1195,21,2936,0.5501031764463468,True
1196,-3,6815,0.5498281248581236,False
1197,-11,4959,0.5495532107956945,False
1198,6,5773,0.5492784341902968,True
1199,-4,6418,0.5490037949732016,False
1200,-10,5576,0.548729293075715,False
1201,21,2952,0.5484549284291772,True
1202,3,6455,0.5481807009649626,True
1203,8,7135,0.5479066106144802,True
1204,11,4877,0.547632657309173,True
1205,13,4802,0.5473588409805185,True
1206,9,5384,0.5470851615600282,True
1207,-13,4927,0.5468116189792482,False
1208,-11,5918,0.5465382131697586,False
1209,19,3741,0.5462649440631737,True
1210,21,2969,0.5459918115911422,True
1211,-4,7024,0.5457188156853466,False
1212,-5,6522,0.545445956277504,False
1213,2,7024,0.5451732332993653,True
1214,-13,4909,0.5449006466827157,False
1215,11,6044,0.5446281963593743,True
1216,3,6127,0.5443558822611947,True
1217,7,5905,0.5440837043200641,True
1218,9,5312,0.5438116624679041,True
1219,-21,3078,0.5435397566366702,False
1220,1,7477,0.5432679867583519,True
1221,-7,5535,0.5429963527649727,False
1222,-3,7058,0.5427248545885902,False
1223,12,4486,0.5424534921612959,True
1224,4,6819,0.5421822654152153,True
1225,9,5113,0.5419111742825077,True
1226,-18,3971,0.5416402186953665,False
1227,5,6649,0.5413693985860188,True
1228,7,6315,0.5410987138867258,True
1229,21,3179,0.5408281645297824,True
1230,2,6833,0.5405577504475175,True
1231,8,5483,0.5402874715722938,True
1232,-14,5049,0.5400173278365077,False
1233,10,4953,0.5397473191725894,True
1234,13,4723,0.5394774455130031,True
1235,5,6195,0.5392077067902467,True
1236,8,5700,0.5389381029368515,True
1237,10,4986,0.5386686338853831,True
1238,18,4115,0.5383992995684405,True
1239,-1,7581,0.5381300999186562,False
1240,11,4841,0.537861034868697,True
1241,-2,6926,0.5375921043512626,False
1242,5,5919,0.537323308299087,True
1243,7,5405,0.5370546466449375,True
1244,-15,3930,0.5367861193216151,False
1245,16,4394,0.5365177262619544,True
1246,8,5974,0.5362494673988234,True
1247,18,3639,0.535981342665124,True
1248,4,6485,0.5357133519937914,True
1249,-11,5702,0.5354454953177946,False
1250,-9,5991,0.5351777725701358,False
1251,21,3164,0.5349101836838507,True
1252,11,5300,0.5346427285920088,True
1253,-2,6956,0.5343754072277128,False
1254,3,7036,0.534108219524099,True
1255,4,6965,0.533841165414337,True
1256,-10,6071,0.5335742448316299,False
1257,-18,3738,0.5333074577092141,False
1258,-3,7077,0.5330408039803595,False
1259,-8,5631,0.5327742835783693,False
1260,1,7141,0.5325078964365801,True
1261,11,5075,0.5322416424883619,True
1262,8,5909,0.5319755216671178,True
1263,-18,3740,0.5317095339062843,False
1264,9,5609,0.5314436791393312,True
1265,1,6471,0.5311779572997616,True
1266,16,4126,0.5309123683211118,True
1267,3,6471,0.5306469121369513,True
1268,-11,4969,0.5303815886808828,False
1269,-1,7031,0.5301163978865424,False
1270,14,4662,0.5298513396875991,True
1271,21,2937,0.5295864140177553,True
1272,7,6169,0.5293216208107464,True
1273,9,5604,0.5290569600003411,True
1274,6,6277,0.5287924315203409,True
1275,7,5655,0.5285280353045808,True
1276,-6,6382,0.5282637712869286,False
1277,5,6364,0.5279996394012851,True
1278,3,6471,0.5277356395815845,True
1279,6,5784,0.5274717717617938,True
1280,-17,4137,0.5272080358759129,False
1281,15,4221,0.526944431857975,True
1282,18,3632,0.5266809596420461,True
1283,10,5898,0.5264176191622251,True
1284,-4,6184,0.526154410352644,False
1285,-5,6189,0.5258913331474677,False
1286,-19,3839,0.525628387480894,False
1287,5,5922,0.5253655732871536,True
1288,6,5806,0.5251028905005101,True
1289,19,3471,0.5248403390552598,True
1290,-14,4317,0.5245779188857322,False
1291,19,3460,0.5243156299262894,True
1292,-2,6699,0.5240534721113264,False
1293,-2,6482,0.5237914453752707,False
1294,-1,7107,0.523529549652583,False
1295,9,5374,0.5232677848777567,True
1296,-13,5355,0.5230061509853179,False
1297,-15,4183,0.5227446479098252,False
1298,-4,5961,0.5224832755858704,False
1299,-12,4581,0.5222220339480774,False
1300,13,4335,0.5219609229311034,True
1301,12,4937,0.5216999424696379,True
1302,-13,5405,0.5214390924984031,False
1303,18,3803,0.521178372952154,True
1304,-19,4083,0.5209177837656779,False
1305,-6,6144,0.520657324873795,False
1306,18,4083,0.5203969962113582,True
1307,-13,4683,0.5201367977132525,False
1308,15,4762,0.5198767293143959,True
1309,8,5507,0.5196167909497387,True
1310,15,4499,0.5193569825542639,True
1311,17,3912,0.5190973040629868,True
1312,2,6779,0.5188377554109553,True
1313,9,6108,0.5185783365332499,True
1314,13,5455,0.5183190473649834,True
1315,12,5592,0.5180598878413009,True
1316,2,7158,0.5178008578973803,True
1317,12,4703,0.5175419574684316,True
1318,13,4717,0.5172831864896974,True
1319,-13,4913,0.5170245448964526,False
1320,-7,5872,0.5167660326240043,False
1321,17,3944,0.5165076496076924,True
1322,8,5252,0.5162493957828885,True
1323,-1,7127,0.5159912710849971,False
1324,9,5599,0.5157332754494546,True
1325,12,5106,0.5154754088117299,True
1326,17,3742,0.5152176711073241,True
1327,1,7152,0.5149600622717705,True
1328,16,4596,0.5147025822406346,True
1329,13,4733,0.5144452309495143,True
1330,18,3530,0.5141880083340395,True
1331,-8,6408,0.5139309143298726,False
1332,5,6157,0.5136739488727077,True
1333,11,5100,0.5134171118982713,True
1334,-9,5532,0.5131604033423223,False
1335,12,5431,0.5129038231406511,True
1336,12,5206,0.5126473712290808,True
1337,-17,3871,0.5123910475434663,False
1338,-10,5595,0.5121348520196947,False
1339,8,5499,0.5118787845936849,True
1340,-11,5191,0.511622845201388,False
1341,-2,6955,0.5113670337787873,False
1342,-3,6314,0.511111350261898,False
1343,-13,4695,0.5108557945867671,False
1344,3,6473,0.5106003666894737,True
1345,-3,6848,0.510345066506129,False
1346,13,4576,0.510089893972876,True
1347,14,5517,0.5098348490258896,True
1348,11,5348,0.5095799316013767,True
1349,2,7307,0.5093251416355761,True
1350,-13,4673,0.5090704790647583,False
1351,-11,5447,0.508815943825226,False
1352,16,4388,0.5085615358533134,True
1353,-6,6154,0.5083072550853868,False
1354,17,4009,0.5080531014578441,True
1355,12,5179,0.5077990749071152,True
1356,-4,7033,0.5075451753696616,False
1357,15,4022,0.5072914027819768,True
1358,3,6586,0.5070377570805858,True
1359,14,4709,0.5067842382020455,True
1360,19,3457,0.5065308460829445,True
1361,-10,5109,0.506277580659903,False
1362,12,4935,0.5060244418695731,True
1363,-13,4879,0.5057714296486383,False
1364,17,3709,0.505518543933814,True
1365,1,6501,0.5052657846618471,True
1366,-9,5010,0.5050131517695162,False
1367,15,4266,0.5047606451936315,True
1368,10,6189,0.5045082648710347,True
1369,6,6064,0.5042560107385993,True
1370,2,6736,0.50400388273323,True
1371,10,5240,0.5037518807918635,True
1372,2,6579,0.5035000048514676,True
1373,-5,6276,0.5032482548490419,False
1374,13,5238,0.5029966307216174,True
1375,2,6347,0.5027451324062566,True
1376,-1,6853,0.5024937598400535,False
1377,-7,6495,0.5022425129601336,False
1378,-3,6504,0.5019913917036535,False
1379,-16,4262,0.5017403960078016,False
1380,10,5461,0.5014895258097978,True
1381,17,4213,0.5012387810468929,True
1382,-20,3463,0.5009881616563695,False
1383,17,3980,0.5007376675755414,True
1384,13,4543,0.5004872987417537,True
1385,8,6155,0.5002370550923828,True
1386,17,3735,0.49998693656483667,True
1387,-2,6938,0.49973694309655425,False
1388,12,5610,0.499487074625006,True
1389,21,3169,0.4992373310876935,True
1390,-18,3607,0.49898771242214973,False
1391,11,5285,0.4987382185659387,True
1392,13,4790,0.4984888494566558,True
1393,17,3974,0.4982396050319275,True
1394,-3,7057,0.49799048522941153,False
1395,11,5070,0.49774148998679685,True
1396,1,6710,0.4974926192418035,True
1397,17,4438,0.49724387293218264,True
1398,7,5748,0.49699525099571656,True
1399,17,3981,0.49674675337021873,True
1400,-10,5599,0.49649837999353363,False
1401,7,6374,0.4962501308035369,True
1402,-17,4360,0.4960020057381352,False
1403,-7,6009,0.49575400473526615,False
1404,14,4431,0.49550612773289854,True
1405,-2,6643,0.4952583746690321,False
1406,-19,3355,0.4950107454816976,False
1407,5,6334,0.4947632401089568,True
1408,1,6818,0.49451585848890234,True
1409,-15,4645,0.49426860055965793,False
1410,2,7087,0.49402146625937815,True
1411,8,6045,0.4937744555262485,True
1412,-6,5674,0.4935275682984854,False
1413,21,2936,0.49328080451433615,True
1414,1,6706,0.493034164112079,True
1415,-7,5687,0.492787647030023,False
1416,-15,4169,0.492541253206508,False
1417,-5,6471,0.4922949825799048,False
1418,-6,5663,0.49204883508861486,False
1419,4,6254,0.49180281067107057,True
1420,17,4008,0.49155690926573503,True
1421,6,5783,0.49131113081110217,True
1422,-5,6718,0.49106547524569666,False
1423,-16,4739,0.4908199425080738,False
1424,6,5973,0.4905745325368198,True
1425,5,6574,0.49032924527055144,True
1426,-11,5432,0.4900840806479162,False
1427,-3,6847,0.48983903860759226,False
1428,-4,5939,0.4895941190882885,False
1429,-1,7100,0.48934932202874437,False
1430,18,4103,0.48910464736773,True
1431,4,6283,0.4888600950440462,True
1432,10,4984,0.4886156649965242,True
1433,7,6382,0.48837135716402597,True
1434,14,4660,0.488127171485444,True
1435,-18,3984,0.4878831078997013,False
1436,-18,3737,0.4876391663457515,False
1437,9,5587,0.4873953467625787,True
1438,9,5833,0.4871516490891974,True
1439,13,4786,0.4869080732646528,True
1440,-4,6173,0.4866646192280205,False
1441,-7,5754,0.4864212869184065,False
1442,14,5145,0.48617807627494736,True
1443,5,6328,0.4859349872368099,True
1444,14,4646,0.48569201974319154,True
1445,14,4925,0.48544917373331997,True
1446,2,6358,0.48520644914645333,True
1447,13,5042,0.48496384592188013,True
1448,15,4903,0.48472136399891924,True
1449,4,6321,0.4844790033169198,True
1450,-8,5549,0.4842367638152614,False
1451,14,4423,0.48399464543335374,True
1452,19,3484,0.4837526481106371,True
1453,6,6926,0.4835107717865818,True
1454,-11,5934,0.48326901640068853,False
1455,-10,5117,0.48302738189248823,False
1456,9,6072,0.482785868201542,True
1457,-9,5014,0.48254447526744126,False
1458,-13,4682,0.48230320302980756,False
1459,18,3639,0.48206205142829267,True
1460,-8,5862,0.48182102040257857,False
1461,-1,7355,0.4815801098923773,False
1462,-14,4243,0.48133931983743117,False
1463,5,6582,0.48109865017751247,True
1464,20,3341,0.48085810085242375,True
1465,20,3347,0.48061767180199755,True
1466,-1,6795,0.48037736296609657,False
1467,6,6190,0.48013717428461355,True
1468,10,5203,0.4798971056974713,True
1469,-4,7121,0.4796571571446226,False
1470,3,6681,0.4794173285660503,True
1471,21,3175,0.47917761990176727,True
1472,-10,5582,0.47893803109181643,False
1473,-6,5901,0.47869856207627054,False
1474,19,3714,0.47845921279523246,True
1475,6,5721,0.47821998318883485,True
1476,13,4559,0.4779808731972405,True
1477,-5,6047,0.4777418827606419,False
1478,-8,5619,0.4775030118192616,False
1479,-8,5901,0.47726426031335195,False
1480,-2,6656,0.4770256281831953,False
1481,15,4720,0.47678711536910373,True
1482,1,6491,0.4765487218114192,True
1483,10,5226,0.47631044745051354,True
1484,20,3591,0.4760722922267883,True
1485,4,6674,0.475834256080675,True
1486,14,4885,0.47559633895263465,True
1487,20,3308,0.47535854078315837,True
1488,7,6362,0.47512086151276683,True
1489,21,2939,0.4748833010820105,True
1490,5,6594,0.47464585943146953,True
1491,-8,5374,0.4744085365017538,False
1492,13,4547,0.47417133223350294,True
1493,5,6165,0.4739342465673862,True
1494,21,3281,0.4736972794441025,True
1495,-3,7515,0.4734604308043805,False
1496,-8,5401,0.47322370058897834,False
1497,-16,4497,0.4729870887386839,False
1498,-11,4967,0.47275059519431456,False
1499,11,5072,0.47251421989671744,True
1500,18,3847,0.4722779627867691,True
1501,10,5201,0.47204182380537574,True
1502,-7,5520,0.47180580289347307,False
1503,3,7680,0.47156989999202636,True
1504,2,6831,0.4713341150420304,True
1505,19,3501,0.4710984479845094,True
1506,3,6695,0.4708628987605172,True
1507,12,4445,0.47062746731113697,True
1508,20,3316,0.47039215357748143,True
1509,-19,3837,0.4701569575006927,False
1510,-11,5227,0.4699218790219424,False
1511,14,4645,0.46968691808243146,True
1512,-13,4681,0.4694520746233903,False
1513,-10,4858,0.4692173485860786,False
1514,-4,6461,0.4689827399117856,False
1515,5,6346,0.4687482485418297,True
1516,21,3670,0.4685138744175588,True
1517,12,4872,0.4682796174803501,True
1518,14,4417,0.4680454776716099,True
1519,-1,6338,0.46781145493277415,False
1520,21,2961,0.4675775492053078,True
1521,8,5734,0.4673437604307052,True
1522,-10,5575,0.46711008855048985,False
1523,15,4511,0.4668765335062146,True
1524,13,4802,0.4666430952394615,True
1525,11,5392,0.46640977369184183,True
1526,8,5492,0.4661765688049959,True
1527,20,3557,0.4659434805205934,True
1528,-10,5217,0.46571050878033315,False
1529,-5,6229,0.465477653525943,False
1530,1,6848,0.46524491469918006,True
1531,18,3946,0.4650122922418305,True
1532,6,5515,0.4647797860957096,True
1533,21,3169,0.4645473962026618,True
1534,11,4841,0.4643151225045605,True
1535,19,3386,0.4640829649433082,True
1536,5,6153,0.46385092346083656,True
1537,4,6232,0.46361899799910616,True
1538,-15,4635,0.46338718850010663,False
1539,18,4075,0.4631554949058566,True
1540,13,4500,0.4629239171584037,True
1541,-4,6857,0.46269245519982455,False
1542,1,6708,0.46246110897222464,True
1543,4,5999,0.46222987841773855,True
1544,5,5948,0.4619987634785297,True
1545,19,3726,0.46176776409679043,True
1546,-17,4113,0.46153688021474204,False
1547,-2,6460,0.4613061117746347,False
1548,-5,5939,0.46107545871874744,False
1549,8,5730,0.4608449209893881,True
1550,8,6465,0.46061449852889347,True
1551,-11,5197,0.46038419127962904,False
1552,7,5639,0.46015399918398925,True
1553,11,5246,0.45992392218439726,True
1554,-7,5764,0.4596939602233051,False
1555,11,5429,0.4594641132431935,True
1556,7,6100,0.4592343811865719,True
1557,5,6377,0.4590047639959786,True
1558,9,5301,0.45877526161398063,True
1559,-12,5075,0.45854587398317365,False
1560,-2,6476,0.4583166010461821,False
1561,13,4508,0.45808744274565905,True
1562,15,4262,0.45785839902428627,True
1563,9,5113,0.45762946982477415,True
1564,14,4659,0.4574006550898618,True
1565,1,7855,0.45717195476231687,True
1566,-13,4430,0.45694336878493574,False
1567,-12,5312,0.4567148971005433,False
1568,14,4429,0.45648653965199304,True
1569,16,4277,0.4562582963821671,True
1570,3,7647,0.45603016723397605,True
1571,14,5139,0.4558021521503591,True
1572,-3,6575,0.4555742510742839,False
1573,-1,7760,0.4553464639487468,False
1574,-9,5482,0.4551187907167724,False
1575,10,5002,0.45489123132141407,True
1576,15,4018,0.4546637857057534,True
1577,1,6255,0.45443645381290054,True
1578,12,4695,0.45420923558599413,True
1579,-17,4059,0.45398213096820117,False
1580,12,4698,0.4537551399027171,True
1581,1,6947,0.4535282623327658,True
1582,9,5098,0.45330149820159943,True
1583,-3,6933,0.45307484745249865,False
1584,18,3631,0.4528483100287724,True
1585,4,6547,0.45262188587375807,True
1586,2,6728,0.4523955749308212,True
1587,19,3724,0.4521693771433558,True
1588,14,4836,0.45194329245478415,True
1589,7,5987,0.4517173208085568,True
1590,11,5033,0.45149146214815256,True
1591,-1,6607,0.4512657164170785,False
1592,5,6829,0.45104008355887,True
1593,3,6626,0.4508145635170906,True
1594,8,5975,0.4505891562353321,True
1595,4,6240,0.4503638616572144,True
1596,13,4615,0.4501386797263858,True
1597,-4,6801,0.44991361038652267,False
1598,8,5691,0.4496886535813294,True
1599,15,4498,0.44946380925453877,True
1600,11,5785,0.44923907734991153,True
1601,9,5867,0.4490144578112366,True
1602,-12,5271,0.448789950582331,False
1603,1,7476,0.44856555560703987,True
1604,-5,6646,0.44834127282923636,False
1605,12,4436,0.44811710219282175,True
1606,-12,4757,0.4478930436417254,False
1607,-3,6792,0.44766909711990455,False
1608,12,4692,0.4474452625713446,True
1609,-18,3728,0.4472215399400589,False
1610,5,6388,0.4469979291700889,True
1611,2,6806,0.4467744302055039,True
1612,16,4140,0.44655104299040116,True
1613,10,5882,0.44632776746890596,True
1614,-6,6161,0.4461046035851715,False
1615,1,8057,0.445881551283379,True
1616,-10,5102,0.4456586105077373,False
1617,9,5404,0.44543578120248345,True
1618,2,5861,0.4452130633118822,True
1619,-10,5285,0.4449904567802263,False
1620,-5,5749,0.44476796155183623,False
1621,2,7184,0.44454557757106034,True
1622,-11,4491,0.44432330478227483,False
1623,20,3730,0.4441011431298837,True
1624,-1,6841,0.44387909255831876,False
1625,-10,4900,0.4436571530120396,False
1626,-15,4896,0.44343532443553363,False
1627,-5,6307,0.4432136067733159,False
1628,9,5613,0.4429919999699293,True
1629,-3,6328,0.44277050396994433,False
1630,9,5617,0.4425491187179594,True
1631,-8,5556,0.44232784415860044,False
1632,-20,3697,0.44210668023652117,False
1633,13,4798,0.4418856268964029,True
1634,-4,6442,0.44166468408295473,False
1635,-5,6279,0.4414438517409133,False
1636,-10,5372,0.44122312981504286,False
1637,13,4857,0.44100251825013537,True
1638,13,5217,0.44078201699101033,True
1639,-1,7372,0.44056162598251486,False
1640,16,4135,0.4403413451695236,True
1641,-4,6449,0.4401211744969389,False
1642,18,3842,0.43990111390969044,True
1643,-8,5419,0.4396811633527356,False
1644,-6,6672,0.43946132277105926,False
1645,10,5234,0.43924159210967373,True
1646,3,6237,0.4390219713136189,True
1647,10,4989,0.4388024603279621,True
1648,-12,5324,0.43858305909779816,False
1649,10,5230,0.4383637675682493,True
1650,13,4545,0.4381445856844652,True
1651,5,6422,0.437925513391623,True
1652,-2,6722,0.4377065506349272,False
1653,-16,4250,0.43748769735960974,False
1654,-3,6117,0.43726895351093,False
1655,11,5323,0.4370503190341745,True
1656,-8,5390,0.4368317938746575,False
1657,16,4068,0.43661337797772015,True
1658,6,5556,0.43639507128873134,True
1659,-7,6006,0.436176873753087,False
1660,-3,6089,0.43595878531621046,False
1661,16,4565,0.43574080592355235,True
1662,-11,5485,0.4355229355205906,False
1663,11,4769,0.43530517405283037,True
1664,7,5830,0.435087521465804,True
1665,17,4422,0.43486997770507113,True
1666,7,5396,0.4346525427162186,True
1667,12,5197,0.43443521644486055,True
1668,7,5149,0.43421799883663814,True
1669,-17,3893,0.43400088983721985,False
1670,4,6789,0.4337838893923013,True
1671,4,6317,0.43356699744760513,True
1672,17,3758,0.43335021394888135,True
1673,-17,4252,0.4331335388419069,False
1674,7,5676,0.432916972072486,True
1675,-3,6082,0.43270051358644973,False
1676,8,5745,0.43248416332965656,True
1677,10,5643,0.43226792124799174,True
1678,17,3984,0.43205178728736776,True
1679,6,5760,0.4318357613937241,True
1680,-6,6384,0.43161984351302723,False
1681,-11,4953,0.4314040335912707,False
1682,-13,5597,0.4311883315744751,False
1683,-14,4783,0.4309727374086879,False
1684,17,3991,0.4307572510399836,True
1685,13,4740,0.4305418724144636,True
1686,15,4280,0.4303266014782564,True
1687,-6,6814,0.4301114381775173,False
1688,16,4118,0.42989638245842854,True
1689,-15,4656,0.42968143426719935,False
1690,16,4377,0.4294665935500658,True
1691,20,3332,0.42925186025329076,True
1692,-15,4870,0.42903723432316415,False
1693,-1,7337,0.4288227157060026,False
1694,6,6270,0.4286083043481496,True
1695,14,4913,0.42839400019597557,True
1696,13,5028,0.4281798031958776,True
1697,-8,5624,0.4279657132942797,False
1698,12,5171,0.42775173043763254,True
1699,10,5204,0.4275378545724137,True
1700,-13,5184,0.4273240856451275,False
1701,-10,5376,0.427110423602305,False
1702,12,4699,0.4268968683905039,True
1703,2,6382,0.42668341995630865,True
1704,17,3758,0.42647007824633054,True
1705,4,5989,0.4262568432072074,True
1706,1,6953,0.4260437147856038,True
1707,20,3343,0.425830692928211,True
1708,13,4497,0.42561777758174696,True
1709,-2,6485,0.42540496869295613,False
1710,21,3423,0.42519226620860967,True
1711,11,5333,0.4249796700755054,True
1712,21,3206,0.42476718024046767,True
1713,2,6819,0.42455479665034745,True
1714,8,5449,0.4243425192520223,True
1715,-16,4493,0.42413034799239635,False
1716,-9,5718,0.42391828281840016,False
1717,2,7088,0.42370632367699096,True
1718,17,4574,0.4234944705151525,True
1719,2,6836,0.4232827232798949,True
1720,7,6322,0.423071081918255,True
1721,-19,4553,0.4228595463772959,False
1722,-4,6218,0.4226481166041073,False
1723,1,7406,0.42243679254580524,True
1724,-14,4308,0.4222255741495324,False
1725,-16,4267,0.4220144613624576,False
1726,6,6364,0.42180345413177645,True
1727,18,3887,0.4215925524047106,True
1728,12,5185,0.42138175612850826,True
1729,17,4411,0.421171065250444,True
1730,-20,3215,0.4209604797178188,False
1731,15,4775,0.42074999947795994,True
1732,15,4262,0.42053962447822096,True
1733,12,4930,0.42032935466598187,True
1734,2,6791,0.4201191899886489,True
1735,14,4417,0.4199091303936546,True
1736,-6,6395,0.4196991758284578,False
1737,14,4429,0.4194893262405436,True
1738,5,6896,0.41927958157742334,True
1739,13,5050,0.41906994178663465,True
1740,21,3460,0.4188604068157413,True
1741,21,3199,0.41865097661233347,True
1742,11,5013,0.4184416511240273,True
1743,11,5065,0.4182324302984653,True
1744,-2,6519,0.4180233140833161,False
1745,17,3925,0.4178143024262745,True
1746,-2,6728,0.41760539527506135,False
1747,5,5921,0.41739659257742384,True
1748,-5,6297,0.4171878942811352,False
1749,13,4558,0.4169793003339946,True
1750,-13,4927,0.41677081068382765,False
1751,13,4957,0.41656242527848575,True
1752,15,4969,0.41635414406584653,True
1753,9,6038,0.4161459669938136,True
1754,19,3634,0.4159378940103167,True
1755,12,4692,0.4157299250633116,True
1756,-8,5570,0.41552206010077997,False
1757,-6,6496,0.4153142990707296,False
1758,6,5799,0.41510664192119423,True
1759,-6,5846,0.41489908860023367,False
1760,19,3472,0.4146916390559336,True
1761,-1,6493,0.4144842932364056,False
1762,-11,5685,0.41427705108978746,False
1763,-15,4154,0.4140699125642426,False
1764,-1,7577,0.4138628776079605,False
1765,-12,5243,0.4136559461691565,False
1766,10,4731,0.41344911819607194,True
1767,17,3986,0.4132423936369739,True
1768,16,4138,0.41303577244015544,True
1769,-19,3358,0.4128292545539354,False
1770,-11,4718,0.41262283992665844,False
1771,5,6179,0.41241652850669513,True
1772,-7,5786,0.4122103202424418,False
1773,-6,5691,0.4120042150823206,False
1774,6,5972,0.4117982129747795,True
1775,-15,4176,0.4115923138682921,False
1776,11,4567,0.411386517711358,True
1777,-13,4240,0.4111808244525023,False
1778,-8,5145,0.4109752340402761,False
1779,-7,5569,0.410769746423256,False
1780,6,5802,0.4105643615500444,True
1781,7,5591,0.4103590793692694,True
1782,-8,6007,0.4101538998295848,False
1783,-7,5763,0.40994882287967,False
1784,11,4594,0.4097438484682302,True
1785,-8,5410,0.4095389765439961,False
1786,-10,5369,0.40933420705572415,False
1787,3,6236,0.4091295399521963,True
1788,3,6739,0.4089249751822202,True
1789,8,5523,0.4087205126946291,True
1790,16,4157,0.4085161524382818,True
1791,-2,6983,0.4083118943620627,False
1792,12,4723,0.40810773841488174,True
1793,19,3468,0.4079036845456743,True
1794,14,4782,0.40769973270340154,True
1795,9,5610,0.40749588283704985,True
1796,-10,5106,0.4072921348956314,False
1797,-17,3894,0.4070884888281836,False
1798,7,6296,0.40688494458376956,True
1799,11,5067,0.4066815021114777,True
1800,14,4432,0.406478161360422,True
1801,17,3999,0.40627492227974177,True
1802,-17,4604,0.4060717848186019,False
1803,5,5674,0.4058687489261926,True
1804,2,6344,0.40566581455172956,True
1805,8,5506,0.4054629816444537,True
1806,-1,7377,0.4052602501536315,False
1807,-10,5542,0.40505762002855467,False
1808,9,5885,0.4048550912185404,True
1809,1,6569,0.4046526636729312,True
1810,18,3864,0.40445033734109476,True
1811,8,5535,0.40424811217242423,True
1812,1,7154,0.404045988116338,True
1813,14,4451,0.4038439651222799,True
1814,-9,5726,0.40364204313971874,False
1815,-8,5384,0.4034402221181489,False
1816,-4,5952,0.4032385020070898,False
1817,2,6602,0.4030368827560863,True
1818,-16,4510,0.4028353643147083,False
1819,1,7212,0.402633946632551,True
1820,14,4436,0.4024326296592347,True
1821,2,6827,0.4022314133444051,True
1822,-12,5314,0.4020302976377329,False
1823,-4,6856,0.4018292824889141,False
1824,-8,5406,0.40162836784766964,False
1825,-8,6114,0.40142755366374583,False
1826,10,5449,0.401226839886914,True
1827,14,4614,0.40102622646697056,True
1828,12,5453,0.4008257133537371,True
1829,10,5229,0.4006253004970603,True
1830,-6,5927,0.4004249878468118,False
1831,10,5024,0.4002247753528884,True
1832,-6,5682,0.400024662965212,False
1833,3,6860,0.3998246506337294,True
1834,9,5515,0.39962473830841255,True
1835,-10,5593,0.3994249259392584,False
1836,-11,5716,0.39922521347628875,False
1837,-9,5465,0.39902560086955063,False
1838,9,6833,0.3988260880691159,True
1839,-3,7320,0.39862667502508137,False
1840,6,6270,0.39842736168756887,True
1841,6,6268,0.3982281480067251,True
1842,13,4813,0.39802903393272177,True
1843,-8,5804,0.3978300194157554,False
1844,13,4804,0.39763110440604754,True
1845,14,4161,0.3974322888538445,True
1846,9,6101,0.3972335727094176,True
1847,-4,5958,0.3970349559230629,False
1848,-8,6292,0.3968364384451014,False
1849,8,5431,0.3966380202258789,True
1850,10,5779,0.396439701215766,True
1851,-4,6632,0.39624148136515813,False
1852,-8,6052,0.3960433606244756,False
1853,10,4989,0.39584533894416335,True
1854,1,7409,0.3956474162746913,True
1855,-18,3738,0.395449592566554,False
1856,-3,6625,0.3952518677702707,False
1857,2,6827,0.3950542418363856,True
1858,21,2976,0.3948567147154674,True
1859,16,4568,0.3946592863581097,True
1860,-5,5594,0.3944619567149307,False
1861,-16,4682,0.39426472573657323,False
1862,4,6060,0.39406759337370495,True
1863,8,5996,0.3938705595770181,True
1864,-19,3603,0.39367362429722963,False
1865,9,5611,0.393476787485081,True
1866,21,3217,0.3932800490913385,True
1867,-18,3902,0.39308340906679284,False
1868,-15,4415,0.3928868673622595,False
1869,-10,5110,0.3926904239285784,False
1870,1,6997,0.3924940787166141,True
1871,-7,6278,0.39229783167725585,False
1872,18,3729,0.39210168276141727,True
1873,13,4558,0.3919056319200366,True
1874,5,6092,0.39170967910407656,True
1875,-8,6144,0.3915138242645245,False
1876,8,5492,0.3913180673523923,True
1877,9,4875,0.3911224083187161,True
1878,-13,5028,0.3909268471145568,False
1879,11,5517,0.3907313836909995,True
1880,11,4838,0.39053601799915405,True
1881,19,3451,0.3903407499901545,True
1882,4,6243,0.39014557961515944,True
1883,21,3425,0.3899505068253519,True
1884,9,4867,0.3897555315719392,True
1885,-13,5157,0.38956065380615323,False
1886,7,5874,0.38936587347925017,True
1887,4,6531,0.3891711905425106,True
1888,6,6016,0.38897660494723935,True
1889,-3,6324,0.38878211664476575,False
1890,-10,5560,0.3885877255864434,False
1891,19,3652,0.3883934317236502,True
1892,-6,5678,0.3881992350077884,False
1893,14,4399,0.38800513539028453,True
1894,-6,6830,0.3878111328225894,False
1895,7,5897,0.3876172272561781,True
1896,-1,7259,0.38742341864255003,False
1897,9,5621,0.3872297069332288,True
1898,18,4106,0.3870360920797622,True
1899,-18,3976,0.38684257403372235,False
1900,-14,4785,0.3866491527467055,False
1901,-7,6027,0.3864558281703322,False
1902,5,5673,0.38626260025624704,True
1903,15,4456,0.38606946895611893,True
1904,15,4533,0.3858764342216409,True
1905,5,6182,0.3856834960045301,True
1906,4,6827,0.38549065425652784,True
1907,-8,6282,0.3852979089293996,False
1908,6,5817,0.3851052599749349,True
1909,12,4680,0.3849127073449474,True
1910,7,5818,0.384720250991275,True
1911,-7,5529,0.3845278908657794,False
1912,17,4398,0.3843356269203465,True
1913,2,6575,0.38414345910688635,True
1914,-21,3090,0.3839513873773329,False
1915,-5,6048,0.38375941168364425,False
1916,1,7415,0.38356753197780247,True
1917,15,3963,0.3833757482118136,True
1918,6,5782,0.3831840603377077,True
1919,-8,6340,0.38299246830753886,False
1920,-13,5145,0.3828009720733851,False
1921,8,5733,0.38260957158734843,True
1922,12,4928,0.3824182668015548,True
1923,-1,6381,0.382227057668154,False
1924,-11,5332,0.38203594413931996,False
1925,5,6405,0.3818449261672503,True
1926,5,5648,0.3816540037041667,True
1927,12,4622,0.3814631767023146,True
1928,2,7062,0.38127244511396347,True
1929,9,5368,0.3810818088914065,True
1930,-2,6327,0.3808912679869608,False
1931,6,5532,0.38070082235296737,True
1932,7,6067,0.3805104719417909,True
1933,19,3699,0.38032021670582,True
1934,17,4221,0.3801300565974671,True
1935,15,4251,0.3799399915691684,True
1936,18,4298,0.37975002157338383,True
1937,-8,6150,0.3795601465625972,False
1938,21,3489,0.3793703664893159,True
1939,7,5630,0.37918068130607124,True
1940,19,3500,0.3789910909654182,True
1941,-11,4988,0.3788015954199355,False
1942,-21,3068,0.37861219462222556,False
1943,-2,6667,0.37842288852491446,False
1944,-1,7310,0.37823367708065203,False
1945,7,5796,0.37804456024211175,True
1946,-6,5665,0.37785553796199073,False
1947,3,6232,0.37766661019300973,True
1948,-13,4945,0.37747777688791323,False
1949,-13,4692,0.3772890379994693,False
1950,-7,5516,0.3771003934804696,False
1951,19,3705,0.3769118432837294,True
1952,18,3621,0.37672338736208755,True
1953,-3,7958,0.3765350256684065,False
1954,2,6624,0.37634675815557234,True
1955,11,5065,0.37615858477649455,True
1956,9,5382,0.3759705054841063,True
1957,-6,5919,0.37578252023136427,False
1958,10,4998,0.3755946289712486,True
1959,-6,5938,0.37540683165676303,False
1960,4,5869,0.3752191282409347,True
1961,13,4742,0.3750315186768142,True
1962,-1,7261,0.3748440029174758,False
1963,3,5973,0.3746565809160171,True
1964,13,4814,0.37446925262555913,True
1965,18,4129,0.3742820179992464,True
1966,12,5446,0.3740948769902468,True
1967,-2,6750,0.37390782955175167,False
1968,11,5085,0.3737208756369758,True
1969,7,6380,0.37353401519915735,True
1970,12,5681,0.3733472481915578,True
1971,8,5527,0.37316057456746204,True
1972,-13,4692,0.37297399428017836,False
1973,15,4263,0.3727875072830383,True
1974,12,5547,0.3726011135293968,True
1975,5,6692,0.3724148129726321,True
1976,7,6119,0.37222860556614584,True
1977,21,3134,0.3720424912633628,True
1978,15,4539,0.37185647001773114,True
1979,10,5179,0.3716705417827223,True
1980,-1,6091,0.37148470651183096,False
1981,20,3335,0.37129896415857505,True
1982,-14,5030,0.3711133146764958,False
1983,13,5014,0.37092775801915756,True
1984,5,6475,0.370742294140148,True
1985,7,5653,0.3705569229930779,True
1986,-10,5602,0.3703716445315814,False
1987,-16,4010,0.3701864587093156,False
1988,11,5096,0.370001365479961,True
1989,13,4851,0.369816364797221,True
1990,-6,5919,0.36963145661482244,False
1991,8,6134,0.3694466408865151,True
1992,18,3897,0.36926191756607185,True
1993,-14,5533,0.36907728660728883,False
1994,-9,5253,0.3688927479639852,False
1995,-13,4933,0.36870830159000323,False
1996,12,4996,0.36852394743920824,True
1997,-7,6208,0.3683396854654887,False
1998,-18,3924,0.36815551562275595,False
1999,-11,5177,0.3679714378649446,False
2000,19,3498,0.3677874521460121,True
